Title,,,,contract_type,,,customer_birthday,,,,,,,,,,,,,,,,,payment_type,,,,,,,,,,,,,,entr_no,,,,,,subscription_type,create_date,,status,,ivr_preferred_language,imei,subscription_key,,,,
Personal / Postpaid / UT-001,炤為85101001,,1,1,11,MN-UT001,,,DRIVE-UT001,UT-001,1,500001,,101105,,,,,Tel,General,123456,Y,,1,1,Personal / Postpaid / UT-001,,,1,1,,1,Personal / Postpaid / UT-001,UT-001,,,,1001,,500001,,510001,8800-0001,2,2012-11-09,A,1,,1,,428880111011172,,,,
Personal / Postpaid / UT-002,炤為85101002,,2,1,11,MN-UT002,,,DRIVE-UT002,UT-002,2,500002,,101106,,,,,Email,Office,炤為85101001@gmail.com,Y,,1,2,Personal / Postpaid / UT-002,,,2,2,,2,Personal / Postpaid / UT-002,UT-002,,,,1002,101106,500002,manager1,510001,,4,2012-11-10,A,1,,1,,428880111011174,,,,
Personal / Postpaid / UT-003,炤為85101003,,1,1,11,MN-UT003,,,DRIVE-UT003,UT-003,3,500003,,101107,,,,,Tel,Bill,123456,Y,,1,3,Personal / Postpaid / UT-003,,,1,1,,1,Personal / Postpaid / UT-003,UT-003,,,,1003,101107,500003,manager1,510001,,3,2012-11-11,A,1,,1,,428880111011175,,,,
Personal / Postpaid / UT-004,炤為85101004,,2,1,11,MN-UT004,,,DRIVE-UT004,UT-004,4,500004,,101108,,,,,Email,Etc,炤為85101003@gmail.com,Y,,1,4,Personal / Postpaid / UT-004,,,2,2,,2,Personal / Postpaid / UT-004,UT-004,,,,1004,101108,500004,manager1,510001,8800-0004,5,2012-11-12,A,1,,1,,428880111011176,,,,
Personal / Postpaid / UT-005,炤為85101005,,1,1,11,MN-UT005,,,DRIVE-UT005,UT-005,5,500005,,101109,,,,,Tel,General,123456,Y,,1,5,Personal / Postpaid / UT-005,,,1,1,,1,Personal / Postpaid / UT-005,UT-005,,,,1005,,500005,,510001,,6,2012-11-13,A,1,,1,,428880111011177,,,,
Personal / Postpaid / UT-006,炤為85101006,,2,1,11,MN-UT006,,,DRIVE-UT006,UT-006,6,500006,,101110,,,,,Email,Office,炤為85101005@gmail.com,Y,,1,1,Personal / Postpaid / UT-006,,,2,2,,2,Personal / Postpaid / UT-006,UT-006,,,,1006,101110,500006,manager1,510001,8800-0006,"2, 4",2012-11-14,A,1,,1,,428880111011179,,,,
Personal / Postpaid / UT-007,炤為85101007,,1,1,11,MN-UT007,,,DRIVE-UT007,UT-007,7,500007,,101111,,,,,Tel,Bill,123456,Y,,1,2,Personal / Postpaid / UT-007,,,1,1,,1,Personal / Postpaid / UT-007,UT-007,,,,1007,101111,500007,manager1,510001,8800-0007,"2, 3",2012-11-15,A,1,,1,,428880111011180,,,,
Personal / Postpaid / UT-008,炤為85101008,,2,1,11,MN-UT008,,,DRIVE-UT008,UT-008,8,500008,,101112,,,,,Email,Etc,炤為85101007@gmail.com,Y,,1,3,Personal / Postpaid / UT-008,,,2,2,,2,Personal / Postpaid / UT-008,UT-008,,,,1008,101112,500008,manager1,510001,8800-0008,"2, 5",2012-11-16,A,1,,1,,428880111011182,,,,
Personal / Postpaid / UT-009,炤為85101009,,1,1,11,MN-UT009,,,DRIVE-UT009,UT-009,9,500009,,101113,,,,,Tel,General,123456,Y,,1,4,Personal / Postpaid / UT-009,,,1,1,,1,Personal / Postpaid / UT-009,UT-009,,,,1009,101113,500009,manager1,510001,,"3, 4",2012-11-17,A,1,,1,,428880111011183,,,,
Personal / Postpaid / UT-010,炤為85101010,,2,1,11,MN-UT010,,,DRIVE-UT010,UT-010,10,500010,,101114,,,,,Email,Office,炤為85101009@gmail.com,Y,,1,5,Personal / Postpaid / UT-010,,,2,2,,2,Personal / Postpaid / UT-010,UT-010,,,,1010,101114,500010,manager1,510001,8800-0010,"4, 5",2012-11-18,A,1,,1,,428880111011184,,,,
Personal / Postpaid / UT-011,炤為85101011,,1,1,11,MN-UT011,,,DRIVE-UT011,UT-011,11,500011,,101115,,,,,Tel,Bill,123456,Y,,1,1,Personal / Postpaid / UT-011,,,1,1,,1,Personal / Postpaid / UT-011,UT-011,,,,1011,101115,500011,,510001,,"4, 6",2012-11-19,A,1,,1,,428880111011185,,,,
Personal / Postpaid / UT-012,炤為85101012,,2,1,11,MN-UT012,,,DRIVE-UT012,UT-012,12,500012,,101116,,,,,Email,Etc,炤為85101011@gmail.com,Y,,1,2,Personal / Postpaid / UT-012,,,2,2,,2,Personal / Postpaid / UT-012,UT-012,,,,1012,101116,500012,manager1,510001,8811-0012,"3, 5",2012-11-20,A,1,,1,,428880111011186,,,,
Personal / Postpaid / UT-013,炤為85101013,,1,1,11,MN-UT013,,,DRIVE-UT013,UT-013,13,500013,,101117,,,,,Tel,General,123456,Y,,1,3,Personal / Postpaid / UT-013,,,1,1,,1,Personal / Postpaid / UT-013,UT-013,,,,1013,101117,500013,manager1,510001,,"3, 6",2012-11-21,A,1,,1,,428880111011187,,,,
Personal / Postpaid / UT-014,炤為85101014,,2,1,11,MN-UT014,,,DRIVE-UT014,UT-014,14,500014,,101118,,,,,Email,Office,炤為85101013@gmail.com,Y,,1,4,Personal / Postpaid / UT-014,,,2,2,,2,Personal / Postpaid / UT-014,UT-014,,,,1014,101118,500014,manager1,510001,8811-0014,"5, 6",2012-11-22,A,1,,1,,428880111011188,,,,
Personal / Postpaid / UT-015,炤為85101015,,1,1,11,MN-UT015,,,DRIVE-UT015,UT-015,15,500015,,101119,,,,,Tel,Bill,123456,Y,,1,5,Personal / Postpaid / UT-015,,,1,1,,1,Personal / Postpaid / UT-015,UT-015,,,,1015,101119,500015,manager1,510001,8811-0015,"2, 3, 4",2012-11-23,A,1,,1,,428880111011189,,,,
Personal / Postpaid / UT-016,炤為85101016,,2,1,11,MN-UT016,,,DRIVE-UT016,UT-016,16,500016,,101120,,,,,Email,Etc,炤為85101015@gmail.com,Y,,1,1,Personal / Postpaid / UT-016,,,2,2,,2,Personal / Postpaid / UT-016,UT-016,,,,1016,101120,500016,manager1,510001,8811-0016,"2, 4, 5",2012-11-24,A,1,,1,,428880111011191,,,,
Personal / Postpaid / UT-017,炤為85101017,,1,1,11,MN-UT017,,,DRIVE-UT017,UT-017,17,500017,,101121,,,,,Tel,General,123456,Y,,1,2,Personal / Postpaid / UT-017,,,1,1,,1,Personal / Postpaid / UT-017,UT-017,,,,1017,101121,500017,manager1,510001,8811-0017,"2, 4, 6",2012-11-25,A,1,,1,,428880111011192,,,,
Personal / Postpaid / UT-018,炤為85101018,,2,1,11,MN-UT018,,,DRIVE-UT018,UT-018,18,500018,,101122,,,,,Email,Office,炤為85101017@gmail.com,Y,,1,3,Personal / Postpaid / UT-018,,,2,2,,2,Personal / Postpaid / UT-018,UT-018,,,,1018,101122,500018,manager1,510001,8811-0018,"3, 4, 5",2012-11-26,A,1,,1,,428880111011193,,,,
Personal / Postpaid / UT-019,炤為85101019,,1,1,11,MN-UT019,,,DRIVE-UT019,UT-019,19,500019,,101123,,,,,Tel,Bill,123456,Y,,1,4,Personal / Postpaid / UT-019,,,1,1,,1,Personal / Postpaid / UT-019,UT-019,,,,1019,101123,500019,manager1,510001,8811-0019,"3, 4, 6",2012-11-27,A,1,,1,,428880111011195,,,,
Personal / Postpaid / UT-020,炤為85101020,,2,1,11,MN-UT020,,,DRIVE-UT020,UT-020,20,500020,,101124,,,,,Email,Etc,炤為85101019@gmail.com,Y,,1,5,Personal / Postpaid / UT-020,,,2,2,,2,Personal / Postpaid / UT-020,UT-020,,,,1020,101124,500020,manager1,510001,8811-0020,"3, 5, 6",2012-11-28,A,1,,1,,428880111011197,,,,
Personal / Postpaid / UT-021,炤為85101021,,1,1,11,MN-UT021,,,DRIVE-UT021,UT-021,21,500021,,101125,,,,,Tel,General,123456,Y,,1,1,Personal / Postpaid / UT-021,,,1,1,,1,Personal / Postpaid / UT-021,UT-021,,,,1021,101125,500021,manager1,510001,8800-0021,"2,3,4 5",2012-11-29,A,1,,1,,428880111011198,,,,
Personal / Postpaid / UT-022,炤為85101022,,2,1,11,MN-UT022,,,DRIVE-UT022,UT-022,22,500022,,101126,,,,,Email,Office,炤為85101021@gmail.com,Y,,1,2,Personal / Postpaid / UT-022,,,2,2,,2,Personal / Postpaid / UT-022,UT-022,,,,1022,101126,500022,manager1,510001,8800-0022,"2,3,4,6",2012-11-30,A,1,,1,,428880111011199,,,,
Personal / Postpaid / UT-023,炤為85101023,,1,1,11,MN-UT023,,,DRIVE-UT023,UT-023,23,500023,,101127,,,,,Tel,Bill,123456,Y,,1,3,Personal / Postpaid / UT-023,,,1,1,,1,Personal / Postpaid / UT-023,UT-023,,,,1023,101127,500023,manager1,510001,8800-0023,"3,4,5,6",2012-12-01,A,1,,1,,428880111011200,,,,
Personal / Prepaid / UT-024,炤為85101024,,2,1,11,MN-UT024,,,DRIVE-UT024,UT-024,24,500024,,101128,,,,,Tel,General,炤為85101023@gmail.com,Y,,2,,Personal / Prepaid / UT-024,,,2,2,,2,Personal / Prepaid / UT-024,UT-024,,,,1024,,500024,,510001,8800-0001,2,2012-12-02,A,1,,2,,428880111011201,,,,
Personal / Prepaid / UT-025,炤為85101025,,1,1,11,MN-UT025,,,DRIVE-UT025,UT-025,25,500025,,101129,,,,,Email,Office,123456,Y,,2,,Personal / Prepaid / UT-025,,,1,1,,1,Personal / Prepaid / UT-025,UT-025,,,,1025,101106,500025,manager1,510001,,4,2012-12-03,A,1,,2,,428880111011202,,,,
Personal / Prepaid / UT-026,炤為85101026,,2,1,11,MN-UT026,,,DRIVE-UT026,UT-026,26,500026,,101130,,,,,Tel,Bill,炤為85101025@gmail.com,Y,,2,,Personal / Prepaid / UT-026,,,2,2,,2,Personal / Prepaid / UT-026,UT-026,,,,1026,101107,500026,manager1,510001,,3,2012-12-04,A,1,,2,,428880111011203,,,,
Personal / Prepaid / UT-027,炤為85101027,,1,1,11,MN-UT027,,,DRIVE-UT027,UT-027,27,500027,,101131,,,,,Email,Etc,123456,Y,,2,,Personal / Prepaid / UT-027,,,1,1,,1,Personal / Prepaid / UT-027,UT-027,,,,1027,101108,500027,manager1,510001,8800-0004,5,2012-12-05,A,1,,2,,428880111011204,,,,
Personal / Prepaid / UT-028,炤為85101028,,2,1,11,MN-UT028,,,DRIVE-UT028,UT-028,28,500028,,101132,,,,,Tel,General,炤為85101027@gmail.com,Y,,2,,Personal / Prepaid / UT-028,,,2,2,,2,Personal / Prepaid / UT-028,UT-028,,,,1028,,500028,,510001,,6,2012-12-06,A,1,,2,,428880111011205,,,,
Personal / Prepaid / UT-029,炤為85101029,,1,1,11,MN-UT029,,,DRIVE-UT029,UT-029,29,500029,,101133,,,,,Email,Office,123456,Y,,2,,Personal / Prepaid / UT-029,,,1,1,,1,Personal / Prepaid / UT-029,UT-029,,,,1029,101110,500029,manager1,510001,8800-0006,"2, 4",2012-12-07,A,1,,2,,428880111011208,,,,
Personal / Prepaid / UT-030,炤為85101030,,2,1,11,MN-UT030,,,DRIVE-UT030,UT-030,30,500030,,101134,,,,,Tel,Bill,炤為85101029@gmail.com,Y,,2,,Personal / Prepaid / UT-030,,,2,2,,2,Personal / Prepaid / UT-030,UT-030,,,,1030,101111,500030,manager1,510001,8800-0007,"2, 3",2012-12-08,A,1,,2,,428880111011209,,,,
Personal / Prepaid / UT-031,炤為85101031,,1,1,11,MN-UT031,,,DRIVE-UT031,UT-031,31,500031,,101135,,,,,Email,Etc,123456,Y,,2,,Personal / Prepaid / UT-031,,,1,1,,1,Personal / Prepaid / UT-031,UT-031,,,,1031,101112,500031,manager1,510001,8800-0008,"2, 5",2012-12-09,A,1,,2,,428880111011210,,,,
Personal / Prepaid / UT-032,炤為85101032,,2,1,11,MN-UT032,,,DRIVE-UT032,UT-032,32,500032,,101136,,,,,Tel,General,炤為85101031@gmail.com,Y,,2,,Personal / Prepaid / UT-032,,,2,2,,2,Personal / Prepaid / UT-032,UT-032,,,,1032,101113,500032,manager1,510001,,"3, 4",2012-12-10,A,1,,2,,428880111011211,,,,
Personal / Prepaid / UT-033,炤為85101033,,1,1,11,MN-UT033,,,DRIVE-UT033,UT-033,33,500033,,101137,,,,,Email,Office,123456,Y,,2,,Personal / Prepaid / UT-033,,,1,1,,1,Personal / Prepaid / UT-033,UT-033,,,,1033,101114,500033,manager1,510001,8800-0010,"4, 5",2012-12-11,A,1,,2,,428880111011213,,,,
Personal / Prepaid / UT-034,炤為85101034,,2,1,11,MN-UT034,,,DRIVE-UT034,UT-034,34,500034,,101138,,,,,Tel,Bill,炤為85101033@gmail.com,Y,,2,,Personal / Prepaid / UT-034,,,2,2,,2,Personal / Prepaid / UT-034,UT-034,,,,1034,101115,500034,,510001,,"4, 6",2012-12-12,A,1,,2,,428880111011214,,,,
Personal / Prepaid / UT-035,炤為85101035,,1,1,11,MN-UT035,,,DRIVE-UT035,UT-035,35,500035,,101139,,,,,Email,Etc,123456,Y,,2,,Personal / Prepaid / UT-035,,,1,1,,1,Personal / Prepaid / UT-035,UT-035,,,,1035,101116,500035,manager1,510001,8811-0012,"3, 5",2012-12-13,A,1,,2,,428880111011215,,,,
Personal / Prepaid / UT-036,炤為85101036,,2,1,11,MN-UT036,,,DRIVE-UT036,UT-036,36,500036,,101140,,,,,Tel,General,炤為85101035@gmail.com,Y,,2,,Personal / Prepaid / UT-036,,,2,2,,2,Personal / Prepaid / UT-036,UT-036,,,,1036,101117,500036,manager1,510001,,"3, 6",2012-12-14,A,1,,2,,428880111011216,,,,
Personal / Prepaid / UT-037,炤為85101037,,1,1,11,MN-UT037,,,DRIVE-UT037,UT-037,37,500037,,101141,,,,,Email,Office,123456,Y,,2,,Personal / Prepaid / UT-037,,,1,1,,1,Personal / Prepaid / UT-037,UT-037,,,,1037,101118,500037,manager1,510001,8811-0014,"5, 6",2012-12-15,A,1,,2,,428880111011217,,,,
Personal / Prepaid / UT-038,炤為85101038,,2,1,11,MN-UT038,,,DRIVE-UT038,UT-038,38,500038,,101142,,,,,Tel,Bill,炤為85101037@gmail.com,Y,,2,,Personal / Prepaid / UT-038,,,2,2,,2,Personal / Prepaid / UT-038,UT-038,,,,1038,101119,500038,manager1,510001,8811-0015,"2, 3, 4",2012-12-16,A,1,,2,,428880111011218,,,,
Personal / Prepaid / UT-039,炤為85101039,,1,1,11,MN-UT039,,,DRIVE-UT039,UT-039,39,500039,,101143,,,,,Email,Etc,123456,Y,,2,,Personal / Prepaid / UT-039,,,1,1,,1,Personal / Prepaid / UT-039,UT-039,,,,1039,101120,500039,manager1,510001,8811-0016,"2, 4, 5",2012-12-17,A,1,,2,,428880111011219,,,,
Personal / Prepaid / UT-040,炤為85101040,,2,1,11,MN-UT040,,,DRIVE-UT040,UT-040,40,500040,,101144,,,,,Tel,General,炤為85101039@gmail.com,Y,,2,,Personal / Prepaid / UT-040,,,2,2,,2,Personal / Prepaid / UT-040,UT-040,,,,1040,101121,500040,manager1,510001,8811-0017,"2, 4, 6",2012-12-18,A,1,,2,,428880111011224,,,,
Personal / Prepaid / UT-041,炤為85101041,,1,1,11,MN-UT041,,,DRIVE-UT041,UT-041,41,500041,,101145,,,,,Email,Office,123456,Y,,2,,Personal / Prepaid / UT-041,,,1,1,,1,Personal / Prepaid / UT-041,UT-041,,,,1041,101122,500041,manager1,510001,8811-0018,"3, 4, 5",2012-12-19,A,1,,2,,428880111011225,,,,
Personal / Prepaid / UT-042,炤為85101042,,2,1,11,MN-UT042,,,DRIVE-UT042,UT-042,42,500042,,101146,,,,,Tel,Bill,炤為85101041@gmail.com,Y,,2,,Personal / Prepaid / UT-042,,,2,2,,2,Personal / Prepaid / UT-042,UT-042,,,,1042,101123,500042,manager1,510001,8811-0019,"3, 4, 6",2012-12-20,A,1,,2,,428880111011226,,,,
Personal / Prepaid / UT-043,炤為85101043,,1,1,11,MN-UT043,,,DRIVE-UT043,UT-043,43,500043,,101147,,,,,Email,Etc,123456,Y,,2,,Personal / Prepaid / UT-043,,,1,1,,1,Personal / Prepaid / UT-043,UT-043,,,,1043,101124,500043,manager1,510001,8811-0020,"3, 5, 6",2012-12-21,A,1,,2,,428880111011227,,,,
Personal / Prepaid / UT-044,炤為85101044,,2,1,11,MN-UT044,,,DRIVE-UT044,UT-044,44,500044,,101148,,,,,Tel,General,炤為85101043@gmail.com,Y,,2,,Personal / Prepaid / UT-044,,,2,2,,2,Personal / Prepaid / UT-044,UT-044,,,,1044,101125,500044,manager1,510001,8800-0021,"2,3,4 5",2012-12-22,A,1,,2,,428880111011228,,,,
Personal / Prepaid / UT-045,炤為85101045,,1,1,11,MN-UT045,,,DRIVE-UT045,UT-045,45,500045,,101149,,,,,Email,Office,123456,Y,,2,,Personal / Prepaid / UT-045,,,1,1,,1,Personal / Prepaid / UT-045,UT-045,,,,1045,101126,500045,manager1,510001,8800-0022,"2,3,4,6",2012-12-23,A,1,,2,,428880111011229,,,,
Personal / Prepaid / UT-046,炤為85101046,,2,1,11,MN-UT046,,,DRIVE-UT046,UT-046,46,500046,,101150,,,,,Tel,Bill,炤為85101045@gmail.com,Y,,2,,Personal / Prepaid / UT-046,,,2,2,,2,Personal / Prepaid / UT-046,UT-046,,,,1046,101127,500046,manager1,510001,8800-0023,"3,4,5,6",2012-12-24,A,1,,2,,428880111011231,,,,
Personal / Hybrid / UT-047,炤為85101047,,1,1,11,MN-UT047,,,DRIVE-UT047,UT-047,47,500047,,101151,,,,,Tel,General,123456,Y,,,,Personal / Hybrid / UT-047,,,1,1,,1,Personal / Hybrid / UT-047,UT-047,,,,1047,,500047,,510001,8800-0001,2,2012-12-25,A,1,,1,,428880111011232,,,,
Personal / Hybrid / UT-048,炤為85101048,,2,1,11,MN-UT048,,,DRIVE-UT048,UT-048,48,500048,,101152,,,,,Email,Office,炤為85101047@gmail.com,Y,,,,Personal / Hybrid / UT-048,,,2,2,,2,Personal / Hybrid / UT-048,UT-048,,,,1048,101106,500048,manager1,510001,,4,2012-12-26,A,1,,1,,428880111011233,,,,
Personal / Hybrid / UT-049,炤為85101049,,1,1,11,MN-UT049,,,DRIVE-UT049,UT-049,49,500049,,101153,,,,,Tel,Bill,123456,Y,,,,Personal / Hybrid / UT-049,,,1,1,,1,Personal / Hybrid / UT-049,UT-049,,,,1049,101107,500049,manager1,510001,,3,2012-12-27,A,1,,1,,428880111011235,,,,
Personal / Hybrid / UT-050,炤為85101050,,2,1,11,MN-UT050,,,DRIVE-UT050,UT-050,50,500050,,101154,,,,,Email,Etc,炤為85101049@gmail.com,Y,,,,Personal / Hybrid / UT-050,,,2,2,,2,Personal / Hybrid / UT-050,UT-050,,,,1050,101108,500050,manager1,510001,8800-0004,5,2012-12-28,A,1,,1,,428880111011236,,,,
Personal / Hybrid / UT-051,炤為85101051,,1,1,11,MN-UT051,,,DRIVE-UT051,UT-051,51,500051,,101155,,,,,Tel,General,123456,Y,,,,Personal / Hybrid / UT-051,,,1,1,,1,Personal / Hybrid / UT-051,UT-051,,,,1051,,500051,,510001,,6,2012-12-29,A,1,,1,,428880111011239,,,,
Personal / Hybrid / UT-052,炤為85101052,,2,1,11,MN-UT052,,,DRIVE-UT052,UT-052,52,500052,,101156,,,,,Email,Office,炤為85101051@gmail.com,Y,,,,Personal / Hybrid / UT-052,,,2,2,,2,Personal / Hybrid / UT-052,UT-052,,,,1052,101110,500052,manager1,510001,8800-0006,"2, 4",2012-12-30,A,1,,1,,428880111011240,,,,
Personal / Hybrid / UT-053,炤為85101053,,1,1,11,MN-UT053,,,DRIVE-UT053,UT-053,53,500053,,101157,,,,,Tel,Bill,123456,Y,,,,Personal / Hybrid / UT-053,,,1,1,,1,Personal / Hybrid / UT-053,UT-053,,,,1053,101111,500053,manager1,510001,8800-0007,"2, 3",2012-12-31,A,1,,1,,428880111011242,,,,
Personal / Hybrid / UT-054,炤為85101054,,2,1,11,MN-UT054,,,DRIVE-UT054,UT-054,54,500054,,101158,,,,,Email,Etc,炤為85101053@gmail.com,Y,,,,Personal / Hybrid / UT-054,,,2,2,,2,Personal / Hybrid / UT-054,UT-054,,,,1054,101112,500054,manager1,510001,8800-0008,"2, 5",2013-01-01,A,1,,1,,428880111011243,,,,
Personal / Hybrid / UT-055,炤為85101055,,1,1,11,MN-UT055,,,DRIVE-UT055,UT-055,55,500055,,101159,,,,,Tel,General,123456,Y,,,,Personal / Hybrid / UT-055,,,1,1,,1,Personal / Hybrid / UT-055,UT-055,,,,1055,101113,500055,manager1,510001,,"3, 4",2013-01-02,A,1,,1,,428880111011245,,,,
Personal / Hybrid / UT-056,炤為85101056,,2,1,11,MN-UT056,,,DRIVE-UT056,UT-056,56,500056,,101160,,,,,Email,Office,炤為85101055@gmail.com,Y,,,,Personal / Hybrid / UT-056,,,2,2,,2,Personal / Hybrid / UT-056,UT-056,,,,1056,101114,500056,manager1,510001,8800-0010,"4, 5",2013-01-03,A,1,,1,,428880111011247,,,,
Personal / Hybrid / UT-057,炤為85101057,,1,1,11,MN-UT057,,,DRIVE-UT057,UT-057,57,500057,,101161,,,,,Tel,Bill,123456,Y,,,,Personal / Hybrid / UT-057,,,1,1,,1,Personal / Hybrid / UT-057,UT-057,,,,1057,101115,500057,,510001,,"4, 6",2013-01-04,A,1,,1,,428880111011249,,,,
Personal / Hybrid / UT-058,炤為85101058,,2,1,11,MN-UT058,,,DRIVE-UT058,UT-058,58,500058,,101162,,,,,Email,Etc,炤為85101057@gmail.com,Y,,,,Personal / Hybrid / UT-058,,,2,2,,2,Personal / Hybrid / UT-058,UT-058,,,,1058,101116,500058,manager1,510001,8811-0012,"3, 5",2013-01-05,A,1,,1,,428880111011251,,,,
Personal / Hybrid / UT-059,炤為85101059,,1,1,11,MN-UT059,,,DRIVE-UT059,UT-059,59,500059,,101163,,,,,Tel,General,123456,Y,,,,Personal / Hybrid / UT-059,,,1,1,,1,Personal / Hybrid / UT-059,UT-059,,,,1059,101117,500059,manager1,510001,,"3, 6",2013-01-06,A,1,,1,,428880111011253,,,,
Personal / Hybrid / UT-060,炤為85101060,,2,1,11,MN-UT060,,,DRIVE-UT060,UT-060,60,500060,,101164,,,,,Email,Office,炤為85101059@gmail.com,Y,,,,Personal / Hybrid / UT-060,,,2,2,,2,Personal / Hybrid / UT-060,UT-060,,,,1060,101118,500060,manager1,510001,8811-0014,"5, 6",2013-01-07,A,1,,1,,428880111011254,,,,
Personal / Hybrid / UT-061,炤為85101061,,1,1,11,MN-UT061,,,DRIVE-UT061,UT-061,61,500061,,101165,,,,,Tel,Bill,123456,Y,,,,Personal / Hybrid / UT-061,,,1,1,,1,Personal / Hybrid / UT-061,UT-061,,,,1061,101119,500061,manager1,510001,8811-0015,"2, 3, 4",2013-01-08,A,1,,1,,428880111011256,,,,
Personal / Hybrid / UT-062,炤為85101062,,2,1,11,MN-UT062,,,DRIVE-UT062,UT-062,62,500062,,101166,,,,,Email,Etc,炤為85101061@gmail.com,Y,,,,Personal / Hybrid / UT-062,,,2,2,,2,Personal / Hybrid / UT-062,UT-062,,,,1062,101120,500062,manager1,510001,8811-0016,"2, 4, 5",2013-01-09,A,1,,1,,428880111011257,,,,
Personal / Hybrid / UT-063,炤為85101063,,1,1,11,MN-UT063,,,DRIVE-UT063,UT-063,63,500063,,101167,,,,,Tel,General,123456,Y,,,,Personal / Hybrid / UT-063,,,1,1,,1,Personal / Hybrid / UT-063,UT-063,,,,1063,101121,500063,manager1,510001,8811-0017,"2, 4, 6",2013-01-10,A,1,,1,,428880111011258,,,,
Personal / Hybrid / UT-064,炤為85101064,,2,1,11,MN-UT064,,,DRIVE-UT064,UT-064,64,500064,,101168,,,,,Email,Office,炤為85101063@gmail.com,Y,,,,Personal / Hybrid / UT-064,,,2,2,,2,Personal / Hybrid / UT-064,UT-064,,,,1064,101122,500064,manager1,510001,8811-0018,"3, 4, 5",2013-01-11,A,1,,1,,428880111011259,,,,
Personal / Hybrid / UT-065,炤為85101065,,1,1,11,MN-UT065,,,DRIVE-UT065,UT-065,65,500065,,101169,,,,,Tel,Bill,123456,Y,,,,Personal / Hybrid / UT-065,,,1,1,,1,Personal / Hybrid / UT-065,UT-065,,,,1065,101123,500065,manager1,510001,8811-0019,"3, 4, 6",2013-01-12,A,1,,1,,428880111011260,,,,
Personal / Hybrid / UT-066,炤為85101066,,2,1,11,MN-UT066,,,DRIVE-UT066,UT-066,66,500066,,101170,,,,,Email,Etc,炤為85101065@gmail.com,Y,,,,Personal / Hybrid / UT-066,,,2,2,,2,Personal / Hybrid / UT-066,UT-066,,,,1066,101124,500066,manager1,510001,8811-0020,"3, 5, 6",2013-01-13,A,1,,1,,428880111011261,,,,
Personal / Hybrid / UT-067,炤為85101067,,1,1,11,MN-UT067,,,DRIVE-UT067,UT-067,67,500067,,101171,,,,,Tel,General,123456,Y,,,,Personal / Hybrid / UT-067,,,1,1,,1,Personal / Hybrid / UT-067,UT-067,,,,1067,101125,500067,manager1,510001,8800-0021,"2,3,4 5",2013-01-14,A,1,,1,,428880111011262,,,,
Personal / Hybrid / UT-068,炤為85101068,,2,1,11,MN-UT068,,,DRIVE-UT068,UT-068,68,500068,,101172,,,,,Email,Office,炤為85101067@gmail.com,Y,,,,Personal / Hybrid / UT-068,,,2,2,,2,Personal / Hybrid / UT-068,UT-068,,,,1068,101126,500068,manager1,510001,8800-0022,"2,3,4,6",2013-01-15,A,1,,1,,428880111011263,,,,
Personal / Hybrid / UT-069,炤為85101069,,1,1,11,MN-UT069,,,DRIVE-UT069,UT-069,69,500069,,101173,,,,,Tel,Bill,123456,Y,,,,Personal / Hybrid / UT-069,,,1,1,,1,Personal / Hybrid / UT-069,UT-069,,,,1069,101127,500069,manager1,510001,8800-0023,"3,4,5,6",2013-01-16,A,1,,1,,428880111011265,,,,
Group / Postpaid / UT-070,,Biz-070,,2,21,,,,,UT-070,70,500070,,101174,,,,,,,炤為85101069@gmail.com,Y,,,,Group / Postpaid / UT-070,,,2,1,,2,Group / Postpaid / UT-070,UT-070,,,,1070,,500070,,510001,8800-0001,2,2013-01-17,A,1,,2,,428880111011266,,,,
Group / Postpaid / UT-071,,Biz-071,,2,21,,,,,UT-071,71,500071,,101175,,,,,,,123456,Y,,,,Group / Postpaid / UT-071,,,1,2,,1,Group / Postpaid / UT-071,UT-071,,,,1071,101106,500071,manager1,510001,,4,2013-01-18,A,1,,2,,428880111011267,,,,
Group / Postpaid / UT-072,,Biz-072,,2,21,,,,,UT-072,72,500072,,101176,,,,,,,@gmail.com,Y,,,,Group / Postpaid / UT-072,,,2,1,,2,Group / Postpaid / UT-072,UT-072,,,,1072,101107,500072,manager1,510001,,3,2013-01-19,A,1,,2,,428880111011269,,,,
Group / Postpaid / UT-073,,Biz-073,,2,21,,,,,UT-073,73,500073,,101177,,,,,,,123456,Y,,,,Group / Postpaid / UT-073,,,1,2,,1,Group / Postpaid / UT-073,UT-073,,,,1073,101108,500073,manager1,510001,8800-0004,5,2013-01-20,A,1,,2,,428880111011271,,,,
Group / Postpaid / UT-074,,Biz-074,,2,21,,,,,UT-074,74,500074,,101178,,,,,,,@gmail.com,Y,,,,Group / Postpaid / UT-074,,,2,1,,2,Group / Postpaid / UT-074,UT-074,,,,1074,,500074,,510001,,6,2013-01-21,A,1,,2,,428880111011272,,,,
Group / Postpaid / UT-075,,Biz-075,,2,21,,,,,UT-075,75,500075,,101179,,,,,,,123456,Y,,,,Group / Postpaid / UT-075,,,1,2,,1,Group / Postpaid / UT-075,UT-075,,,,1075,101110,500075,manager1,510001,8800-0006,"2, 4",2013-01-22,A,1,,2,,428880111011273,,,,
Group / Postpaid / UT-076,,Biz-076,,2,21,,,,,UT-076,76,500076,,101180,,,,,,,@gmail.com,Y,,,,Group / Postpaid / UT-076,,,2,1,,2,Group / Postpaid / UT-076,UT-076,,,,1076,101111,500076,manager1,510001,8800-0007,"2, 3",2013-01-23,A,1,,2,,428880111011275,,,,
Group / Postpaid / UT-077,,Biz-077,,2,21,,,,,UT-077,77,500077,,101181,,,,,,,123456,Y,,,,Group / Postpaid / UT-077,,,1,2,,1,Group / Postpaid / UT-077,UT-077,,,,1077,101112,500077,manager1,510001,8800-0008,"2, 5",2013-01-24,A,1,,2,,428880111011276,,,,
Group / Postpaid / UT-078,,Biz-078,,2,21,,,,,UT-078,78,500078,,101182,,,,,,,@gmail.com,Y,,,,Group / Postpaid / UT-078,,,2,1,,2,Group / Postpaid / UT-078,UT-078,,,,1078,101113,500078,manager1,510001,,"3, 4",2013-01-25,A,1,,2,,428880111011278,,,,
Group / Postpaid / UT-079,,Biz-079,,2,21,,,,,UT-079,79,500079,,101183,,,,,,,123456,Y,,,,Group / Postpaid / UT-079,,,1,2,,1,Group / Postpaid / UT-079,UT-079,,,,1079,101114,500079,manager1,510001,8800-0010,"4, 5",2013-01-26,A,1,,2,,428880111011279,,,,
Group / Postpaid / UT-080,,Biz-080,,2,21,,,,,UT-080,80,500080,,101184,,,,,,,@gmail.com,Y,,,,Group / Postpaid / UT-080,,,2,1,,2,Group / Postpaid / UT-080,UT-080,,,,1080,101115,500080,,510001,,"4, 6",2013-01-27,A,1,,2,,428880111011280,,,,
Group / Postpaid / UT-081,,Biz-081,,2,21,,,,,UT-081,81,500081,,101185,,,,,,,123456,Y,,,,Group / Postpaid / UT-081,,,1,2,,1,Group / Postpaid / UT-081,UT-081,,,,1081,101116,500081,manager1,510001,8811-0012,"3, 5",2013-01-28,A,1,,2,,428880111011281,,,,
Group / Postpaid / UT-082,,Biz-082,,2,21,,,,,UT-082,82,500082,,101186,,,,,,,@gmail.com,Y,,,,Group / Postpaid / UT-082,,,2,1,,2,Group / Postpaid / UT-082,UT-082,,,,1082,101117,500082,manager1,510001,,"3, 6",2013-01-29,A,1,,2,,428880111011282,,,,
Group / Postpaid / UT-083,,Biz-083,,2,21,,,,,UT-083,83,500083,,101187,,,,,,,123456,Y,,,,Group / Postpaid / UT-083,,,1,2,,1,Group / Postpaid / UT-083,UT-083,,,,1083,101118,500083,manager1,510001,8811-0014,"5, 6",2013-01-30,A,1,,2,,428880111011283,,,,
Group / Postpaid / UT-084,,Biz-084,,2,21,,,,,UT-084,84,500084,,101188,,,,,,,@gmail.com,Y,,,,Group / Postpaid / UT-084,,,2,1,,2,Group / Postpaid / UT-084,UT-084,,,,1084,101119,500084,manager1,510001,8811-0015,"2, 3, 4",2013-01-31,A,1,,2,,428880111011284,,,,
Group / Postpaid / UT-085,,Biz-085,,2,21,,,,,UT-085,85,500085,,101189,,,,,,,123456,Y,,,,Group / Postpaid / UT-085,,,1,2,,1,Group / Postpaid / UT-085,UT-085,,,,1085,101120,500085,manager1,510001,8811-0016,"2, 4, 5",2013-02-01,A,1,,2,,428880111011285,,,,
Group / Postpaid / UT-086,,Biz-086,,2,21,,,,,UT-086,86,500086,,101190,,,,,,,@gmail.com,Y,,,,Group / Postpaid / UT-086,,,2,1,,2,Group / Postpaid / UT-086,UT-086,,,,1086,101121,500086,manager1,510001,8811-0017,"2, 4, 6",2013-02-02,A,1,,2,,428880111011286,,,,
Group / Postpaid / UT-087,,Biz-087,,2,21,,,,,UT-087,87,500087,,101191,,,,,,,123456,Y,,,,Group / Postpaid / UT-087,,,1,2,,1,Group / Postpaid / UT-087,UT-087,,,,1087,101122,500087,manager1,510001,8811-0018,"3, 4, 5",2013-02-03,A,1,,2,,428880111011287,,,,
Group / Postpaid / UT-088,,Biz-088,,2,21,,,,,UT-088,88,500088,,101192,,,,,,,@gmail.com,Y,,,,Group / Postpaid / UT-088,,,2,1,,2,Group / Postpaid / UT-088,UT-088,,,,1088,101123,500088,manager1,510001,8811-0019,"3, 4, 6",2013-02-04,A,1,,2,,428880111011288,,,,
Group / Postpaid / UT-089,,Biz-089,,2,21,,,,,UT-089,89,500089,,101193,,,,,,,123456,Y,,,,Group / Postpaid / UT-089,,,1,2,,1,Group / Postpaid / UT-089,UT-089,,,,1089,101124,500089,manager1,510001,8811-0020,"3, 5, 6",2013-02-05,A,1,,2,,428880111011290,,,,
Group / Postpaid / UT-090,,Biz-090,,2,21,,,,,UT-090,90,500090,,101194,,,,,,,@gmail.com,Y,,,,Group / Postpaid / UT-090,,,2,1,,2,Group / Postpaid / UT-090,UT-090,,,,1090,101125,500090,manager1,510001,8800-0021,"2,3,4 5",2013-02-06,A,1,,2,,428880111011291,,,,
Group / Postpaid / UT-091,,Biz-091,,2,21,,,,,UT-091,91,500091,,101195,,,,,,,123456,Y,,,,Group / Postpaid / UT-091,,,1,2,,1,Group / Postpaid / UT-091,UT-091,,,,1091,101126,500091,manager1,510001,8800-0022,"2,3,4,6",2013-02-07,A,1,,2,,428880111011292,,,,
Group / Postpaid / UT-092,,Biz-092,,2,21,,,,,UT-092,92,500092,,101196,,,,,,,@gmail.com,Y,,,,Group / Postpaid / UT-092,,,2,1,,2,Group / Postpaid / UT-092,UT-092,,,,1092,101127,500092,manager1,510001,8800-0023,"3,4,5,6",2013-02-08,A,1,,2,,428880111011295,,,,
Group / Prepaid / UT-093,,Biz-093,,2,21,,,,,UT-093,93,500093,,101197,,,,,,,123456,Y,,,,Group / Prepaid / UT-093,,,1,2,,1,Group / Prepaid / UT-093,UT-093,,,,1093,,500093,,510001,8800-0001,2,2013-02-09,A,1,,1,,428880111011296,,,,
Group / Prepaid / UT-094,,Biz-094,,2,21,,,,,UT-094,94,500094,,101198,,,,,,,@gmail.com,Y,,,,Group / Prepaid / UT-094,,,2,1,,2,Group / Prepaid / UT-094,UT-094,,,,1094,101106,500094,manager1,510001,,4,2013-02-10,A,1,,1,,428880111011297,,,,
Group / Prepaid / UT-095,,Biz-095,,2,21,,,,,UT-095,95,500095,,101199,,,,,,,123456,Y,,,,Group / Prepaid / UT-095,,,1,2,,1,Group / Prepaid / UT-095,UT-095,,,,1095,101107,500095,manager1,510001,,3,2013-02-11,A,1,,1,,428880111000000,,,,
Group / Prepaid / UT-096,,Biz-096,,2,21,,,,,UT-096,96,500096,,101200,,,,,,,@gmail.com,Y,,,,Group / Prepaid / UT-096,,,2,1,,1,Group / Prepaid / UT-096,UT-096,,,,1096,101108,500096,manager1,510001,8800-0004,5,2013-02-12,A,1,,1,,428880111000001,,,,
Group / Prepaid / UT-097,,Biz-097,,2,21,,,,,UT-097,97,500097,,101201,,,,,,,123456,Y,,,,Group / Prepaid / UT-097,,,1,2,,2,Group / Prepaid / UT-097,UT-097,,,,1097,,500097,,510001,,6,2013-02-13,A,1,,1,,428880111000003,,,,
Group / Prepaid / UT-098,,Biz-098,,2,21,,,,,UT-098,98,500098,,101202,,,,,,,@gmail.com,Y,,,,Group / Prepaid / UT-098,,,2,1,,1,Group / Prepaid / UT-098,UT-098,,,,1098,101110,500098,manager1,510001,8800-0006,"2, 4",2013-02-14,A,1,,1,,428880111000004,,,,
Group / Prepaid / UT-099,,Biz-099,,2,21,,,,,UT-099,99,500099,,101203,,,,,,,123456,Y,,,,Group / Prepaid / UT-099,,,1,2,,2,Group / Prepaid / UT-099,UT-099,,,,1099,101111,500099,manager1,510001,8800-0007,"2, 3",2013-02-15,A,1,,1,,428880111000008,,,,
Group / Prepaid / UT-100,,Biz-100,,2,21,,,,,UT-100,100,500100,,101204,,,,,,,@gmail.com,Y,,,,Group / Prepaid / UT-100,,,2,1,,1,Group / Prepaid / UT-100,UT-100,,,,1100,101112,500100,manager1,510001,8800-0008,"2, 5",2013-02-16,A,1,,1,,428880111000010,,,,
Group / Prepaid / UT-101,,Biz-101,,2,21,,,,,UT-101,101,500101,,101205,,,,,,,123456,Y,,,,Group / Prepaid / UT-101,,,1,2,,2,Group / Prepaid / UT-101,UT-101,,,,1101,101113,500101,manager1,510001,,"3, 4",2013-02-17,A,1,,1,,428880111000011,,,,
Group / Prepaid / UT-102,,Biz-102,,2,21,,,,,UT-102,102,500102,,101206,,,,,,,@gmail.com,Y,,,,Group / Prepaid / UT-102,,,2,1,,1,Group / Prepaid / UT-102,UT-102,,,,1102,101114,500102,manager1,510001,8800-0010,"4, 5",2013-02-18,A,1,,1,,428880111000012,,,,
Group / Prepaid / UT-103,,Biz-103,,2,21,,,,,UT-103,103,500103,,101207,,,,,,,123456,Y,,,,Group / Prepaid / UT-103,,,1,2,,2,Group / Prepaid / UT-103,UT-103,,,,1103,101115,500103,,510001,,"4, 6",2013-02-19,A,1,,1,,428880111000013,,,,
Group / Prepaid / UT-104,,Biz-104,,2,21,,,,,UT-104,104,500104,,101208,,,,,,,@gmail.com,Y,,,,Group / Prepaid / UT-104,,,2,1,,1,Group / Prepaid / UT-104,UT-104,,,,1104,101116,500104,manager1,510001,8811-0012,"3, 5",2013-02-20,A,1,,1,,428880111000014,,,,
Group / Prepaid / UT-105,,Biz-105,,2,21,,,,,UT-105,105,500105,,101209,,,,,,,123456,Y,,,,Group / Prepaid / UT-105,,,1,2,,2,Group / Prepaid / UT-105,UT-105,,,,1105,101117,500105,manager1,510001,,"3, 6",2013-02-21,A,1,,1,,428880111000015,,,,
Group / Prepaid / UT-106,,Biz-106,,2,21,,,,,UT-106,106,500106,,101210,,,,,,,@gmail.com,Y,,,,Group / Prepaid / UT-106,,,2,1,,1,Group / Prepaid / UT-106,UT-106,,,,1106,101118,500106,manager1,510001,8811-0014,"5, 6",2013-02-22,A,1,,1,,428880111000500,,,,
Group / Prepaid / UT-107,,Biz-107,,2,21,,,,,UT-107,107,500107,,101211,,,,,,,123456,Y,,,,Group / Prepaid / UT-107,,,1,2,,2,Group / Prepaid / UT-107,UT-107,,,,1107,101119,500107,manager1,510001,8811-0015,"2, 3, 4",2013-02-23,A,1,,1,,428880111000501,,,,
Group / Prepaid / UT-108,,Biz-108,,2,21,,,,,UT-108,108,500108,,101212,,,,,,,@gmail.com,Y,,,,Group / Prepaid / UT-108,,,2,1,,1,Group / Prepaid / UT-108,UT-108,,,,1108,101120,500108,manager1,510001,8811-0016,"2, 4, 5",2013-02-24,A,1,,1,,428880111000502,,,,
Group / Prepaid / UT-109,,Biz-109,,2,21,,,,,UT-109,109,500109,,101213,,,,,,,123456,Y,,,,Group / Prepaid / UT-109,,,1,2,,2,Group / Prepaid / UT-109,UT-109,,,,1109,101121,500109,manager1,510001,8811-0017,"2, 4, 6",2013-02-25,A,1,,1,,428880111000503,,,,
Group / Prepaid / UT-110,,Biz-110,,2,21,,,,,UT-110,110,500110,,101214,,,,,,,@gmail.com,Y,,,,Group / Prepaid / UT-110,,,2,1,,1,Group / Prepaid / UT-110,UT-110,,,,1110,101122,500110,manager1,510001,8811-0018,"3, 4, 5",2013-02-26,A,1,,1,,428880111000504,,,,
Group / Prepaid / UT-111,,Biz-111,,2,21,,,,,UT-111,111,500111,,101215,,,,,,,123456,Y,,,,Group / Prepaid / UT-111,,,1,2,,2,Group / Prepaid / UT-111,UT-111,,,,1111,101123,500111,manager1,510001,8811-0019,"3, 4, 6",2013-02-27,A,1,,1,,428880111011001,,,,
Group / Prepaid / UT-112,,Biz-112,,2,21,,,,,UT-112,112,500112,,101216,,,,,,,@gmail.com,Y,,,,Group / Prepaid / UT-112,,,2,1,,1,Group / Prepaid / UT-112,UT-112,,,,1112,101124,500112,manager1,510001,8811-0020,"3, 5, 6",2013-02-28,A,1,,1,,428880111011003,,,,
Group / Prepaid / UT-113,,Biz-113,,2,21,,,,,UT-113,113,500113,,101217,,,,,,,123456,Y,,,,Group / Prepaid / UT-113,,,1,2,,2,Group / Prepaid / UT-113,UT-113,,,,1113,101125,500113,manager1,510001,8800-0021,"2,3,4 5",2013-03-01,A,1,,1,,428880111011004,,,,
Group / Prepaid / UT-114,,Biz-114,,2,21,,,,,UT-114,114,500114,,101218,,,,,,,@gmail.com,Y,,,,Group / Prepaid / UT-114,,,2,1,,1,Group / Prepaid / UT-114,UT-114,,,,1114,101126,500114,manager1,510001,8800-0022,"2,3,4,6",2013-03-02,A,1,,1,,428880111011005,,,,
Group / Prepaid / UT-115,,Biz-115,,2,21,,,,,UT-115,115,500115,,101219,,,,,,,123456,Y,,,,Group / Prepaid / UT-115,,,1,2,,2,Group / Prepaid / UT-115,UT-115,,,,1115,101127,500115,manager1,510001,8800-0023,"3,4,5,6",2013-03-03,A,1,,1,,428880111011006,,,,
Group / Hybrid / UT-116,,Biz-116,,2,21,,,,,UT-116,116,500116,,101220,,,,,,,@gmail.com,Y,,,,Group / Hybrid / UT-116,,,2,1,,,Group / Hybrid / UT-116,UT-116,,,,1116,,500116,,510001,8800-0001,2,2013-03-04,A,1,,2,,428880111011007,,,,
Group / Hybrid / UT-117,,Biz-117,,2,21,,,,,UT-117,117,500117,,101221,,,,,,,123456,Y,,,,Group / Hybrid / UT-117,,,1,2,,,Group / Hybrid / UT-117,UT-117,,,,1117,101106,500117,manager1,510001,,4,2013-03-05,A,1,,2,,428880111011008,,,,
Group / Hybrid / UT-118,,Biz-118,,2,21,,,,,UT-118,118,500118,,101222,,,,,,,@gmail.com,Y,,,,Group / Hybrid / UT-118,,,2,1,,,Group / Hybrid / UT-118,UT-118,,,,1118,101107,500118,manager1,510001,,3,2013-03-06,A,1,,2,,428880111011009,,,,
Group / Hybrid / UT-119,,Biz-119,,2,21,,,,,UT-119,119,500119,,101223,,,,,,,123456,Y,,,,Group / Hybrid / UT-119,,,1,2,,,Group / Hybrid / UT-119,UT-119,,,,1119,101108,500119,manager1,510001,8800-0004,5,2013-03-07,A,1,,2,,428880111011010,,,,
Group / Hybrid / UT-120,,Biz-120,,2,21,,,,,UT-120,120,500120,,101224,,,,,,,@gmail.com,Y,,,,Group / Hybrid / UT-120,,,2,1,,,Group / Hybrid / UT-120,UT-120,,,,1120,,500120,,510001,,6,2013-03-08,A,1,,2,,428880111011013,,,,
Group / Hybrid / UT-121,,Biz-121,,2,21,,,,,UT-121,121,500121,,101225,,,,,,,123456,Y,,,,Group / Hybrid / UT-121,,,1,2,,,Group / Hybrid / UT-121,UT-121,,,,1121,101110,500121,manager1,510001,8800-0006,"2, 4",2013-03-09,A,1,,2,,428880111011015,,,,
Group / Hybrid / UT-122,,Biz-122,,2,21,,,,,UT-122,122,500122,,101226,,,,,,,@gmail.com,Y,,,,Group / Hybrid / UT-122,,,2,1,,,Group / Hybrid / UT-122,UT-122,,,,1122,101111,500122,manager1,510001,8800-0007,"2, 3",2013-03-10,A,1,,2,,428880111011016,,,,
Group / Hybrid / UT-123,,Biz-123,,2,21,,,,,UT-123,123,500123,,101227,,,,,,,123456,Y,,,,Group / Hybrid / UT-123,,,1,2,,,Group / Hybrid / UT-123,UT-123,,,,1123,101112,500123,manager1,510001,8800-0008,"2, 5",2013-03-11,A,1,,2,,428880111011017,,,,
Group / Hybrid / UT-124,,Biz-124,,2,21,,,,,UT-124,124,500124,,101228,,,,,,,@gmail.com,Y,,,,Group / Hybrid / UT-124,,,2,1,,,Group / Hybrid / UT-124,UT-124,,,,1124,101113,500124,manager1,510001,,"3, 4",2013-03-12,A,1,,2,,428880111011018,,,,
Group / Hybrid / UT-125,,Biz-125,,2,21,,,,,UT-125,125,500125,,101229,,,,,,,123456,Y,,,,Group / Hybrid / UT-125,,,1,2,,,Group / Hybrid / UT-125,UT-125,,,,1125,101114,500125,manager1,510001,8800-0010,"4, 5",2013-03-13,A,1,,2,,428880111011020,,,,
Group / Hybrid / UT-126,,Biz-126,,2,21,,,,,UT-126,126,500126,,101230,,,,,,,@gmail.com,Y,,,,Group / Hybrid / UT-126,,,2,1,,,Group / Hybrid / UT-126,UT-126,,,,1126,101115,500126,,510001,,"4, 6",2013-03-14,A,1,,2,,428880111011021,,,,
Group / Hybrid / UT-127,,Biz-127,,2,21,,,,,UT-127,127,500127,,101231,,,,,,,123456,Y,,,,Group / Hybrid / UT-127,,,1,2,,,Group / Hybrid / UT-127,UT-127,,,,1127,101116,500127,manager1,510001,8811-0012,"3, 5",2013-03-15,A,1,,2,,428880111011022,,,,
Group / Hybrid / UT-128,,Biz-128,,2,21,,,,,UT-128,128,500128,,101232,,,,,,,@gmail.com,Y,,,,Group / Hybrid / UT-128,,,2,1,,,Group / Hybrid / UT-128,UT-128,,,,1128,101117,500128,manager1,510001,,"3, 6",2013-03-16,A,1,,2,,428880111011023,,,,
Group / Hybrid / UT-129,,Biz-129,,2,21,,,,,UT-129,129,500129,,101233,,,,,,,123456,Y,,,,Group / Hybrid / UT-129,,,1,2,,,Group / Hybrid / UT-129,UT-129,,,,1129,101118,500129,manager1,510001,8811-0014,"5, 6",2013-03-17,A,1,,2,,428880111011024,,,,
Group / Hybrid / UT-130,,Biz-130,,2,21,,,,,UT-130,130,500130,,101234,,,,,,,@gmail.com,Y,,,,Group / Hybrid / UT-130,,,2,1,,,Group / Hybrid / UT-130,UT-130,,,,1130,101119,500130,manager1,510001,8811-0015,"2, 3, 4",2013-03-18,A,1,,2,,428880111011026,,,,
Group / Hybrid / UT-131,,Biz-131,,2,21,,,,,UT-131,131,500131,,101235,,,,,,,123456,Y,,,,Group / Hybrid / UT-131,,,1,2,,,Group / Hybrid / UT-131,UT-131,,,,1131,101120,500131,manager1,510001,8811-0016,"2, 4, 5",2013-03-19,A,1,,2,,428880111011027,,,,
Group / Hybrid / UT-132,,Biz-132,,2,21,,,,,UT-132,132,500132,,101236,,,,,,,@gmail.com,Y,,,,Group / Hybrid / UT-132,,,2,1,,,Group / Hybrid / UT-132,UT-132,,,,1132,101121,500132,manager1,510001,8811-0017,"2, 4, 6",2013-03-20,A,1,,2,,428880111011031,,,,
Group / Hybrid / UT-133,,Biz-133,,2,21,,,,,UT-133,133,500133,,101237,,,,,,,123456,Y,,,,Group / Hybrid / UT-133,,,1,2,,,Group / Hybrid / UT-133,UT-133,,,,1133,101122,500133,manager1,510001,8811-0018,"3, 4, 5",2013-03-21,A,1,,2,,428880111011033,,,,
Group / Hybrid / UT-134,,Biz-134,,2,21,,,,,UT-134,134,500134,,101238,,,,,,,@gmail.com,Y,,,,Group / Hybrid / UT-134,,,2,1,,,Group / Hybrid / UT-134,UT-134,,,,1134,101123,500134,manager1,510001,8811-0019,"3, 4, 6",2013-03-22,A,1,,2,,428880111011034,,,,
Group / Hybrid / UT-135,,Biz-135,,2,21,,,,,UT-135,135,500135,,101239,,,,,,,123456,Y,,,,Group / Hybrid / UT-135,,,1,2,,,Group / Hybrid / UT-135,UT-135,,,,1135,101124,500135,manager1,510001,8811-0020,"3, 5, 6",2013-03-23,A,1,,2,,428880111011035,,,,
Group / Hybrid / UT-136,,Biz-136,,2,21,,,,,UT-136,136,500136,,101240,,,,,,,@gmail.com,Y,,,,Group / Hybrid / UT-136,,,2,1,,,Group / Hybrid / UT-136,UT-136,,,,1136,101125,500136,manager1,510001,8800-0021,"2,3,4 5",2013-03-24,A,1,,2,,428880111011036,,,,
Group / Hybrid / UT-137,,Biz-137,,2,21,,,,,UT-137,137,500137,,101241,,,,,,,123456,Y,,,,Group / Hybrid / UT-137,,,1,2,,,Group / Hybrid / UT-137,UT-137,,,,1137,101126,500137,manager1,510001,8800-0022,"2,3,4,6",2013-03-25,A,1,,2,,428880111011037,,,,
Group / Hybrid / UT-138,,Biz-138,,2,21,,,,,UT-138,138,500138,,101242,,,,,,,@gmail.com,Y,,,,Group / Hybrid / UT-138,,,2,1,,,Group / Hybrid / UT-138,UT-138,,,,1138,101127,500138,manager1,510001,8800-0023,"3,4,5,6",2013-03-26,A,1,,2,,428880111011038,,,,
